ID,Severity,Category,Status,Summary,EvidenceFile,EvidenceMethod,EvidenceLines,Impact,RecommendedFix,Effort,RevitTestRequired
ISS-001,Critical,Deployment,Confirmed,"IExternalApplication (App) is not registered in the .addin manifest – ribbon tab/button is never created so the command has no UI entry point in Revit",MEPAutoRouting.addin;Core/App.cs,"manifest contains only AddIn Type=""Command""; App.OnStartup builds the ribbon","addin L5-L13; App.cs L10-L31","Add-in loads but is invisible in the Revit ribbon; users can only run it via AddInManager-type tools","Add a second <AddIn Type=""Application""> entry with FullClassName MEPAutoRouting.Core.App (new GUID) to MEPAutoRouting.addin",XS,Yes
ISS-002,High,Settings,Confirmed,"UserSettings and RoutingOptions persist to the SAME file (%AppData%\MEPAutoRouting\settings.json); SaveSettings writes UserSettings then RoutingOptions, so UserSettings (discipline, strategy, lead, topmost, etc.) are lost on every close",UI/ViewModels/UserSettings.cs;Shared/RoutingOptions.cs;UI/ViewModels/MainViewModel.cs,"identical FilePath; SaveSettings order","UserSettings.cs L23-L26; RoutingOptions.cs L30-L35; MainViewModel.cs L228-L235","All UserSettings revert to defaults each session; Topmost/discipline/strategy never persist","Give RoutingOptions its own file (e.g. constraints.json) or merge both into one DTO",XS,No
ISS-003,High,Deployment,Confirmed,"Deployed DLL mismatch: Debug auto-deploy (csproj DeployToRevit) copies to Addins\2025\MEPAutoRouting\ subfolder, but the manifest resolves MEPAutoRouting.dll from the addins ROOT; the root DLL is currently a stale Debug build (10/6 10:18) while the newest build sits unloaded in the subfolder",MEPAutoRouting.csproj;MEPAutoRouting.addin;bin output timestamps,"csproj target destination vs manifest relative Assembly path; folder listing","csproj L57-L66; addin L8","Revit loads stale code after every Debug build; 'fixed' bugs appear unfixed","Make DeployToRevit copy to the addins root (or change manifest Assembly to MEPAutoRouting\MEPAutoRouting.dll); redeploy Release",XS,Yes
ISS-004,High,RoutingCorrectness,Confirmed,"Slope is applied AFTER PathValidator.Validate and is never re-validated: the sloped path is not re-checked against walls, boundary or vertical limits, and sloped segments are not axis-aligned for elbow validation",Routing/RouteService.cs;Shared/SlopeApplier.cs,"call order: Validate (allowSlope:false) L162, SlopeApplier.Apply L167","RouteService.cs L162-L167; SlopeApplier.cs L18-L95","A collision-free horizontal route can become invalid/through-wall or below-limit after slope; elbows may fail at commit","Re-run PathValidator with allowSlope:true and constraints.IsBlocked after SlopeApplier; add vertical-limit check",S,Yes
ISS-005,High,RoutingCorrectness,Confirmed,"Obstacle model only covers walls + columns + structural framing: floors, MEP equipment/fixtures, pipes, ducts, conduits, cable trays, fittings, generic models are never obstacles; routes can pass through equipment bodies and mid-level slabs",Core/AStarPathfinder.cs;Core/GeometryExtractor.cs,"GetFilteredObstacles collects only OST_Columns/OST_StructuralColumns/OST_StructuralFraming; GeometryExtractor skips Wall","AStarPathfinder.cs L324-L340; GeometryExtractor.cs L42,L80","No-path false negatives avoided but real collisions with equipment/floors possible","Add floors + MEP equipment categories (host+link) to obstacle extraction; keep exempt corridors only around selected connectors",M,Yes
ISS-006,Medium,Threading,Confirmed,"Pick-request race: RoutingEventHandler.Request is a shared mutable field set on the UI thread and read when the queued action executes; two quick picks overwrite the request so the first pick is lost/mis-executed",Routing/RoutingEventHandler.cs;UI/ViewModels/MainViewModel.cs,"Raise() sets _handler.Request then enqueues app => _handler.Execute(app)","RoutingEventHandler.cs L20-L33; MainViewModel.cs L330-L336","Wrong connector picked or pick silently dropped when clicking fast","Capture the request in the queued closure (app => Pick(uidoc, vm, isSource)) instead of the shared field",S,Yes
ISS-007,Medium,SegmentCreation,Confirmed,"Duct and cable-tray nominal size bug: ApplyNominalSize uses RBS_PIPE_DIAMETER_PARAM for every discipline except Conduit, so custom sizes are silently never applied to ducts (RBS_CURVE_DIAMETER_PARAM) or cable trays (width/height)",Routing/RouteBuilder.cs,"ApplyNominalSize parameter selection","RouteBuilder.cs L81-L89","Routed ducts/cable trays keep type default size despite user input","Branch per discipline: duct -> RBS_CURVE_DIAMETER_PARAM (or W/H), cable tray -> RBS_CABLETRAY_WIDTH/HEIGHT_PARAM",XS,Yes
ISS-008,Medium,UI,Confirmed,"Strategy combo and Elevation Offset textbox are UI-only: RouteRequest carries no Strategy/Elevation; RouteService always runs A*; RoutePlanner (which consumed Strategy) is legacy",Routing/RouteService.cs;Routing/RouteModels.cs;UI/MainWindow.xaml,"RouteRequest fields L13-L30 have no Strategy; RoutePlanner.Plan has no callers","RouteService.cs L13-L30; RoutePlanner.cs L16-L55; MainWindow.xaml Routing Options tab","Users believe strategy/elevation affect routing; they do nothing","Remove the controls or wire Strategy into RouteService as start-direction bias",S,No
ISS-009,Medium,Deployment,Confirmed,"Legacy Revit 2024 manifest still deployed (%AppData%\...\Addins\2024\MEPAutoRouting.addin, FullClassName MEPAutoRouting.UnifiedRoutingCommand, absolute 2024 path) although Deploy-Revit2025.ps1 tries to delete it",Deploy-Revit2025.ps1;deployed 2024 manifest,"deployed file exists; content inspected","Deploy-Revit2025.ps1 L8,L23","Revit 2024 (if installed) tries to load an incompatible/absent DLL; confusion about which version is current","Delete the 2024 manifest once and verify; keep the removal step in the deploy script",XS,No
ISS-010,Medium,Performance,Confirmed,"No cancellation and Revit-thread search: A* (up to 400k iterations) + full-grid BFS run inside ExternalEvent on Revit's main thread; large regions freeze Revit UI for the whole search",Core/AStarPathfinder.cs;Shared/Revit/RevitActionQueue.cs,"MaxIterations L29; BFS before A* L135; queue Execute on Revit thread","AStarPathfinder.cs L29,L135-L158,L263-L292","Revit appears hung during long searches; user cannot cancel","Add a CancellationToken checked per iteration, wire a Cancel button; consider time-boxed search",M,Yes
ISS-011,Medium,RoutingCorrectness,Confirmed,"Bounding-box-only collision for columns/framing: rotated or irregular elements block their whole AABB (false blockage) and AABB checks can miss nothing-but-corners cases; no solid-level narrow-phase",Core/AStarPathfinder.cs;Core/GeometryExtractor.cs,"CheckIfObstacle AABB test L438-L451; GetBoundingBoxes AABB only","AStarPathfinder.cs L438-L451; GeometryExtractor.cs L20-L31","False no-path near rotated columns; coarse routes","Use solid intersection (SolidVolume.Hits-style) for narrow phase on filtered candidates",M,Yes
ISS-012,Low,UI,Confirmed,"Preview (Path Preview tab) is cleared only at route start / failure / connector change; changing boundary, slope, size, type or system type leaves a stale preview list",UI/ViewModels/MainViewModel.Route.cs;UI/ViewModels/MainViewModel.cs,"PreviewPoints.Clear call sites","MainViewModel.Route.cs L41,L70; MainViewModel.cs L112-L118","Stale path shown after parameter change until next run","Clear PreviewPoints in setters of Boundary/slope/size/type/system",S,No
ISS-013,Low,UI,Confirmed,"Total fall (TotalFallText) is not reset when the selection is cleared: OnConnectorsChanged resets summary but never resets _totalFallFt nor raises TotalFallText",UI/ViewModels/MainViewModel.cs,"OnConnectorsChanged body","MainViewModel.cs L112-L118","Summary shows stale total fall after Clear","Reset _totalFallFt and raise TotalFallText in OnConnectorsChanged/ClearSelection",XS,No
ISS-014,Low,RoutingInput,Confirmed,"No same-element / same-connector guard: picking the identical connector as source and target yields the misleading error 'No path found – source/target enclosed by walls'",Routing/RouteService.cs;Core/AStarPathfinder.cs,"no Source==Target precheck; start.DistanceTo(end)<0.001 returns empty path","RouteService.cs L50-L70; AStarPathfinder.cs L92-L93","Confusing diagnostic","Add precheck: identical owner+connector or distance<tol -> explicit error message",XS,No
ISS-015,Low,UI,Confirmed,"SelectAfterRoute setting is persisted and shown in Settings but never used – created elements are never selected in Revit",UI/ViewModels/MainViewModel.cs;UI/ViewModels/UserSettings.cs;Routing/RouteService.cs,"property exists L198; no usage in RouteService/RouteBuilder; RouteResult.Created ids not propagated","MainViewModel.cs L198; RouteService.cs L196-L206","Misleading setting","Implement uidoc.Selection.SetElementIds(result.Created) after commit, or remove the setting",XS,Yes
ISS-016,Low,UI,Confirmed,"RouteBlockedReason does not cover 'no type selected'; RouteCommand.CanExecute also requires SelectedType, so the log can only say 'CanExecute returned false'",UI/ViewModels/MainViewModel.Constraints.cs;UI/ViewModels/MainViewModel.cs;UI/MainWindow.xaml.cs,"RouteBlockedReason cases L446-L451; CanExecute in MainViewModel.cs L55; RunCommand message","MainViewModel.Constraints.cs L446-L451; MainWindow.xaml.cs L113-L124","Incomplete explanation why Route is unavailable","Add SelectedType==null case to RouteBlockedReason",XS,No
ISS-017,Low,LinkedModels,Confirmed,"Inconsistent link transforms: GeometryExtractor uses RevitLinkInstance.GetTransform() while WallObstacleCollector and BoundaryPicker use GetTotalTransform()",Core/GeometryExtractor.cs;Shared/WallObstacle.cs;Shared/BoundaryPicker.cs,"transform calls compared","GeometryExtractor.cs L73; WallObstacle.cs L49; BoundaryPicker.cs L37","Sub-mm to real offsets for nested/transformed link setups","Use GetTotalTransform() everywhere",XS,Yes
ISS-018,Low,LinkedModels,Confirmed,"SpaceVolume assumes the link has no rotation for Z ('假設 link 冇傾斜') – Z is shifted by t.OfPoint(Zero).Z only; rotated links produce wrong MinZ/MaxZ",Shared/SpaceVolume.cs,"zShift computation","SpaceVolume.cs L85-L88","Wrong vertical band for boundaries in rotated links","Transform the Z range by the full basis or document the limitation",S,Yes
ISS-019,Low,Threading,Likely,"MainViewModel scalar properties (IsBusy, Status, DocumentTitle) are set on the Revit thread inside RoutingEventHandler.Execute; WPF auto-marshal makes this work today but it is fragile for future collection updates",Routing/RoutingEventHandler.cs,"vm.IsBusy/vm.Status assignments on Revit thread","RoutingEventHandler.cs L38-L58","Potential cross-thread issues if collections are later touched there","Route all VM mutations through PostToUi",S,No
ISS-020,Low,DeadCode,Confirmed,"Dead/legacy code compiled into the assembly: RoutePlanner.Plan/Simplify/Validate (only DirectionLabel used), RoutingVolumeUtils (no callers), WarningSwallower (no callers), MainViewModel.SetPreview and BuildOptions (no callers), SlopeApplier.TotalFall (no callers)",Routing/RoutePlanner.cs;Core/RoutingVolumeUtils.cs;Shared/WarningSwallower.cs;UI/ViewModels/MainViewModel.cs;Shared/SlopeApplier.cs,"workspace-wide usage search","RoutePlanner.cs L16-L55; RoutingVolumeUtils.cs all; WarningSwallower.cs all; MainViewModel.cs L201-L216,L260-L296; SlopeApplier.cs L97","Binary bloat, confusion about active path","Delete or internalise; keep DirectionLabel",S,No
ISS-021,Low,Docs,Confirmed,"Stale documentation: README_BUILD.txt names MEPAutoRouting.UnifiedRoutingCommand as the active command; README_CONNECTOR_ROUTING.txt describes net48/Revit 2024 install; stray 'gitignore' file (no dot) is never read by git",README_BUILD.txt;README_CONNECTOR_ROUTING.txt;gitignore,"content review","README_BUILD.txt L4; README_CONNECTOR_ROUTING.txt L5","Misleading build/deploy instructions","Update or remove legacy READMEs; delete stray gitignore",XS,No
ISS-022,Low,Maintainability,Confirmed,"Cantonese (Chinese) comments throughout the codebase (RevitActionQueue, RouteFailureCollector, RoutingConstraints, WallObstacle, ConnectorEndpoint, SlopeApplier, PathUtils, MainViewModel.*, MainWindow.xaml.cs, XAML comment); all user-facing strings verified English",multiple,"CJK regex search on string literals: 0 hits; comments contain CJK","e.g. RevitActionQueue.cs L5-L8; RoutingConstraints.cs L7; SlopeApplier.cs L7-L13","Mixed-language codebase harder to maintain/share","Translate comments to English incrementally",M,No
ISS-023,Info,Tests,Confirmed,"No automated tests exist; all logic (A*, BFS, slope, unit conversion, simplification) is only manually verifiable inside Revit",workspace tree,"no test project/files found","n/a","Regressions are only caught by manual Revit testing","Introduce a Revit-independent test project for pure geometry/slope logic (see Test Matrix)",L,No
ISS-024,Info,Build,Confirmed,"MSB3277 (assembly version conflict) is globally suppressed via NoWarn; no conflicts observed in the current build",MEPAutoRouting.csproj,"csproj NoWarn","csproj L18","Hidden future reference conflicts","Remove suppression once Revit 2025 references verified clean, or keep consciously",XS,No
ISS-025,Info,Build,Confirmed,"Hard-coded default RevitInstallDir 'C:\Program Files\Autodesk\Revit 2025' (overridable via -p:RevitInstallDir)",MEPAutoRouting.csproj,"csproj property","csproj L23","Breaks build on machines with non-default Revit path","Document override in README",XS,No
ISS-026,Info,Transactions,Confirmed,"Elbow failure leaves created segments committed (partial route by design): per-elbow catch increments FittingFailures and continues; a warning is added to PROBLEMS",Routing/RouteBuilder.cs,"per-elbow try/catch","RouteBuilder.cs L45-L70","Partial model after fitting failure (with warning)","Decide policy: keep (documented) or roll back all on any elbow failure",S,Yes
ISS-027,Info,Pathfinding,Confirmed,"BFS iteration cap returns 'inconclusive' (true) so A* decides; BFS uses the same passability (CheckIfObstacle incl. vertical limits) but does not apply first-move direction rules",Core/AStarPathfinder.cs,"BfsReachable body","AStarPathfinder.cs L263-L292","Enclosed detection may differ marginally from A* near the start node","Acceptable; document",XS,No
ISS-028,Info,Deployment,Confirmed,"UI/*.snippet files (UnifiedRoutingCommand_Integration, UnifiedRoutingUI_Constraints, VoxelGrid_ApplyConstraints) are legacy integration sketches; not compiled (non-.cs extension)",UI/*.snippet,"file extensions; content references removed VoxelGrid/SpacePicker","n/a","None (reference only) – risk of confusion","Move to docs/ or delete",XS,No
ISS-029,Info,Settings,Confirmed,"Startup does not overwrite saved slope: InitConstraintUi snapshots _lastSystemTypeId and HandleSystemTypeChanged is gated by _constraintUiReady, so loading types at startup does not flip SlopeEnabled",UI/ViewModels/MainViewModel.Constraints.cs,"InitConstraintUi L40-L51; HandleSystemTypeChanged L163-L177","MainViewModel.Constraints.cs L40-L51,L163-L177","Requirement satisfied – keep regression test","n/a",XS,No
ISS-030,Info,UI,Confirmed,"Verified working: both Route buttons and F5/Ctrl+Enter funnel through RunCommand->CommitFocusedInput (LostFocus values committed); Problems badge/list/Summary/status share the Problems collection; error/warning icons differ (⛔ red / ⚠ yellow); queue.ExternalEvent disposed and log unsubscribed on window close",UI/MainWindow.xaml.cs;UI/ViewModels/MainViewModel.cs;Core/AutoRoutingCommand.cs,"RunCommand L113; KeyBindings L41-L45; AutoRoutingCommand.Closed handler L52-L58","MainWindow.xaml.cs L113-L130; AutoRoutingCommand.cs L52-L58","No action","n/a",XS,No
